epoch,time,train/box_loss,train/cls_loss,train/dfl_loss,metrics/precision(B),metrics/recall(B),metrics/mAP50(B),metrics/mAP50-95(B),val/box_loss,val/cls_loss,val/dfl_loss,lr/pg0,lr/pg1,lr/pg2
1,60.1323,1.92075,5.36313,1.3981,0,0,0,0,1.56503,5.12692,1.09653,4.686e-05,4.686e-05,4.686e-05
2,116.616,1.72002,5.15713,1.20536,0,0,0,0,1.32627,5.03451,1.00078,9.58498e-05,9.58498e-05,9.58498e-05
3,169.279,1.55751,4.98442,1.06927,0,0,0,0,1.25376,4.95409,0.95054,0.000144839,0.000144839,0.000144839
4,222.705,1.49277,4.82226,1.01792,0.02197,0.13724,0.02199,0.01502,1.30597,4.84932,0.96235,0.000193826,0.000193826,0.000193826
5,276.12,1.40073,4.63985,0.99588,0.01876,0.44899,0.05062,0.03966,1.36158,4.60113,0.98836,0.000212992,0.000212992,0.000212992
6,330.364,1.38338,4.46928,0.9874,0.02373,0.63947,0.06477,0.04648,1.30274,4.17146,0.99562,0.000212987,0.000212987,0.000212987
7,383.927,1.35984,4.27141,0.98877,0.02362,0.71059,0.07848,0.05167,1.3687,3.91261,1.03403,0.000212981,0.000212981,0.000212981
8,436.605,1.3783,4.08796,1.01429,0.02643,0.78929,0.09093,0.06503,1.33805,3.71384,1.02403,0.000212975,0.000212975,0.000212975
9,488.493,1.32388,3.88618,0.99961,0.10691,0.5884,0.08812,0.06119,1.35895,3.51552,1.04659,0.000212967,0.000212967,0.000212967
10,540.996,1.3727,3.72884,1.02251,0.65591,0.11212,0.10544,0.07738,1.25476,3.33019,1.01221,0.000212958,0.000212958,0.000212958
11,596.554,1.36889,3.57618,1.02602,0.44406,0.28329,0.11563,0.08456,1.26483,3.23808,1.0177,0.000212948,0.000212948,0.000212948
12,649.79,1.32211,3.49664,1.02879,0.43409,0.29155,0.13651,0.10268,1.23627,3.1773,1.01408,0.000212937,0.000212937,0.000212937
13,703.165,1.35144,3.36602,1.03617,0.39163,0.24699,0.14732,0.11021,1.21923,3.03539,1.00694,0.000212925,0.000212925,0.000212925
14,757.123,1.32427,3.21486,1.02769,0.33483,0.28915,0.15848,0.11798,1.24432,2.93901,1.00909,0.000212912,0.000212912,0.000212912
15,808.961,1.3507,3.18719,1.06017,0.38954,0.33575,0.17992,0.13289,1.23814,2.80874,1.01188,0.000212898,0.000212898,0.000212898
16,861.288,1.3492,3.03506,1.03539,0.45987,0.3205,0.19696,0.14691,1.25017,2.71426,1.02015,0.000212883,0.000212883,0.000212883
17,914.013,1.32001,2.94335,1.02988,0.44903,0.32169,0.24628,0.18554,1.23638,2.64108,1.01181,0.000212867,0.000212867,0.000212867
18,965.811,1.28299,2.78401,1.01917,0.56543,0.28646,0.27411,0.20999,1.19137,2.54987,1.00453,0.00021285,0.00021285,0.00021285
19,1018.44,1.28646,2.73829,1.00497,0.58259,0.25021,0.28848,0.21549,1.27594,2.51458,1.04001,0.000212831,0.000212831,0.000212831
20,1072.46,1.33216,2.73474,1.02669,0.53984,0.25567,0.31636,0.2423,1.2103,2.37781,1.01439,0.000212812,0.000212812,0.000212812
21,1128.22,1.28934,2.63883,1.01068,0.45245,0.30569,0.32655,0.24903,1.22724,2.35812,1.02524,0.000212792,0.000212792,0.000212792
22,1188.93,1.31307,2.58758,1.04869,0.53202,0.33594,0.36714,0.27396,1.22204,2.24803,1.01681,0.000212771,0.000212771,0.000212771
23,1249.54,1.25721,2.4787,1.01493,0.44246,0.41878,0.36591,0.27754,1.17614,2.20149,1.00441,0.000212748,0.000212748,0.000212748
24,1309.74,1.29745,2.48689,1.02298,0.50932,0.39898,0.42173,0.31351,1.20301,2.11417,1.01004,0.000212725,0.000212725,0.000212725
25,1371.13,1.2967,2.37898,1.02768,0.52502,0.4128,0.44406,0.32928,1.17322,2.07344,1.00066,0.0002127,0.0002127,0.0002127
26,1430.92,1.31952,2.34775,1.03315,0.49393,0.44946,0.45668,0.33851,1.18342,2.03902,1.00758,0.000212675,0.000212675,0.000212675
27,1491.39,1.27128,2.28159,1.0144,0.55087,0.44197,0.49484,0.37155,1.15494,1.9377,0.99739,0.000212648,0.000212648,0.000212648
28,1551.99,1.26267,2.20161,1.01358,0.4555,0.50214,0.49922,0.36236,1.21185,1.88051,1.01651,0.000212621,0.000212621,0.000212621
29,1611.97,1.2395,2.1499,1.00177,0.58491,0.45911,0.529,0.38893,1.16555,1.81851,0.99788,0.000212592,0.000212592,0.000212592
30,1672.85,1.24471,2.09973,1.00673,0.515,0.51855,0.54328,0.40513,1.16928,1.78059,0.99794,0.000212563,0.000212563,0.000212563
31,1732.77,1.23285,2.01296,0.99187,0.65129,0.50461,0.58943,0.43603,1.14811,1.62918,0.99276,0.000212532,0.000212532,0.000212532
32,1792.92,1.22365,1.97076,0.99254,0.65705,0.55471,0.61707,0.45153,1.19104,1.56236,1.00558,0.0002125,0.0002125,0.0002125
33,1853.37,1.22892,1.9635,1.00577,0.71351,0.55551,0.64551,0.48068,1.15486,1.53712,0.99244,0.000212468,0.000212468,0.000212468
34,1914.13,1.2526,1.95053,1.02245,0.61556,0.6294,0.6745,0.49238,1.22768,1.46381,1.01364,0.000212434,0.000212434,0.000212434
35,1974.44,1.23467,1.84424,1.00121,0.64047,0.6392,0.69494,0.51957,1.15267,1.44541,0.99103,0.000212399,0.000212399,0.000212399
36,2034.93,1.16699,1.78135,0.9737,0.63278,0.62523,0.69852,0.52265,1.16342,1.45644,0.9929,0.000212363,0.000212363,0.000212363
37,2096.04,1.26883,1.84188,1.02402,0.60259,0.64113,0.70305,0.5253,1.13128,1.44681,0.98701,0.000212326,0.000212326,0.000212326
38,2157.06,1.21546,1.74934,1.00362,0.64112,0.64004,0.70948,0.5271,1.16026,1.3948,0.99812,0.000212289,0.000212289,0.000212289
39,2218.14,1.21813,1.7256,0.99995,0.65693,0.63098,0.69723,0.52356,1.1378,1.44946,0.98934,0.00021225,0.00021225,0.00021225
40,2278.16,1.17436,1.61748,0.98683,0.58647,0.72084,0.73971,0.55237,1.20217,1.38691,1.00865,0.00021221,0.00021221,0.00021221
41,2339.43,1.22518,1.70388,0.99822,0.68885,0.69023,0.76682,0.58594,1.12947,1.32208,0.98828,0.000212169,0.000212169,0.000212169
42,2400.3,1.18953,1.62139,0.99434,0.66969,0.69945,0.77719,0.58195,1.16232,1.27102,0.99729,0.000212127,0.000212127,0.000212127
43,2460.61,1.22834,1.669,0.99632,0.73819,0.72678,0.82865,0.64256,1.11236,1.22452,0.98339,0.000212084,0.000212084,0.000212084
44,2520.85,1.20408,1.58994,1.00741,0.813,0.68378,0.83383,0.59072,1.36832,1.22384,1.0553,0.000212039,0.000212039,0.000212039
45,2581.06,1.18419,1.57067,0.99622,0.71593,0.75361,0.83041,0.64158,1.11588,1.19116,0.98292,0.000211994,0.000211994,0.000211994
46,2640.91,1.19704,1.56453,0.99561,0.5943,0.79717,0.84111,0.64178,1.13092,1.21916,0.98518,0.000211948,0.000211948,0.000211948
47,2701.24,1.15979,1.48861,0.99031,0.72255,0.77122,0.84564,0.6476,1.12238,1.20063,0.98459,0.000211901,0.000211901,0.000211901
48,2761.78,1.1991,1.45541,0.99152,0.73657,0.78372,0.84988,0.65196,1.12485,1.1575,0.98817,0.000211853,0.000211853,0.000211853
49,2823.12,1.19906,1.44614,0.98854,0.72749,0.78722,0.84605,0.64206,1.1688,1.15816,0.99789,0.000211803,0.000211803,0.000211803
50,2883.52,1.2112,1.48315,0.99399,0.80533,0.72931,0.85923,0.65607,1.13588,1.11087,0.98536,0.000211753,0.000211753,0.000211753
51,2944.34,1.2023,1.44915,0.99755,0.74191,0.7728,0.8714,0.65929,1.16186,1.09904,0.99273,0.000211702,0.000211702,0.000211702
52,3005.05,1.17143,1.41761,0.97351,0.71147,0.82081,0.86927,0.6704,1.12319,1.05349,0.98036,0.00021165,0.00021165,0.00021165
53,3065.38,1.1601,1.35903,0.98698,0.90474,0.72544,0.87768,0.68727,1.09942,1.04756,0.97615,0.000211596,0.000211596,0.000211596
54,3119.64,1.14373,1.31138,0.97033,0.91047,0.72127,0.86879,0.67298,1.09704,1.04666,0.97613,0.000211542,0.000211542,0.000211542
55,3172,1.12769,1.28881,0.98443,0.85236,0.782,0.87183,0.65319,1.17277,1.02495,0.99723,0.000211486,0.000211486,0.000211486
56,3225.26,1.14555,1.3062,0.97407,0.82645,0.82111,0.89328,0.6804,1.14033,1.00894,0.98482,0.00021143,0.00021143,0.00021143
57,3278.99,1.18027,1.33381,0.98704,0.84453,0.83311,0.92304,0.70607,1.14417,0.99314,0.98777,0.000211373,0.000211373,0.000211373
58,3332.09,1.15863,1.31578,0.97657,0.84182,0.83065,0.91376,0.70954,1.09968,1.00613,0.98025,0.000211314,0.000211314,0.000211314
59,3386.73,1.16908,1.31072,0.99654,0.82653,0.83071,0.89122,0.6794,1.1344,0.97344,0.98517,0.000211255,0.000211255,0.000211255
60,3445.89,1.15618,1.2559,0.96995,0.85792,0.80115,0.89003,0.68942,1.0996,0.97632,0.98219,0.000211194,0.000211194,0.000211194
61,3506.25,1.1529,1.24204,0.99782,0.84724,0.85829,0.92415,0.69786,1.14612,0.9575,0.9895,0.000211132,0.000211132,0.000211132
62,3567.01,1.16652,1.28072,0.9783,0.80754,0.87182,0.91796,0.70926,1.10855,0.9429,0.98148,0.00021107,0.00021107,0.00021107
63,3627.13,1.16403,1.25901,0.98851,0.83772,0.81874,0.91919,0.71284,1.11231,0.97185,0.97857,0.000211006,0.000211006,0.000211006
64,3687.23,1.1419,1.20692,0.98031,0.8604,0.83218,0.91914,0.70171,1.11491,0.92158,0.97673,0.000210942,0.000210942,0.000210942
65,3747.3,1.14454,1.16426,0.97506,0.86258,0.86532,0.92955,0.70581,1.14279,0.89255,0.9896,0.000210876,0.000210876,0.000210876
66,3808.31,1.18516,1.20119,0.99894,0.84686,0.88462,0.92646,0.69148,1.15669,0.90256,0.98904,0.000210809,0.000210809,0.000210809
67,3868.87,1.15934,1.23468,0.98824,0.8429,0.87708,0.93289,0.71684,1.10779,0.88334,0.97829,0.000210742,0.000210742,0.000210742
68,3929.28,1.14009,1.15044,0.98206,0.80344,0.90164,0.93525,0.72481,1.08462,0.86974,0.97604,0.000210673,0.000210673,0.000210673
69,3989.19,1.15519,1.13204,0.97253,0.82389,0.89154,0.92864,0.71664,1.08318,0.88969,0.97598,0.000210603,0.000210603,0.000210603
70,4049.85,1.16619,1.18454,0.98651,0.81703,0.90209,0.93338,0.71744,1.1034,0.87752,0.97967,0.000210533,0.000210533,0.000210533
71,4110.73,1.11551,1.15674,0.96418,0.89288,0.86029,0.93893,0.7233,1.11559,0.8633,0.98346,0.000210461,0.000210461,0.000210461
72,4171.98,1.13105,1.14785,0.96821,0.93096,0.85122,0.94893,0.71815,1.14366,0.86137,0.99387,0.000210388,0.000210388,0.000210388
73,4233,1.10735,1.12142,0.96626,0.90171,0.86115,0.94909,0.73126,1.09591,0.83609,0.97774,0.000210314,0.000210314,0.000210314
74,4293.26,1.13672,1.14088,0.97656,0.88715,0.86881,0.92941,0.72258,1.07127,0.84615,0.97048,0.000210239,0.000210239,0.000210239
75,4352.86,1.10807,1.0861,0.97623,0.88032,0.88731,0.93984,0.73117,1.086,0.84177,0.9735,0.000210164,0.000210164,0.000210164
76,4414.02,1.15196,1.13675,0.98626,0.9082,0.87624,0.94519,0.73357,1.0866,0.80781,0.97387,0.000210087,0.000210087,0.000210087
77,4473.59,1.13285,1.11967,0.98369,0.88322,0.91612,0.93938,0.72597,1.09181,0.80234,0.97528,0.000210009,0.000210009,0.000210009
78,4534.23,1.13686,1.10084,0.97793,0.88549,0.91118,0.93862,0.72345,1.10663,0.80907,0.98712,0.00020993,0.00020993,0.00020993
79,4594.99,1.10879,1.07955,0.96664,0.88203,0.91455,0.95875,0.74353,1.08959,0.7992,0.97704,0.00020985,0.00020985,0.00020985
80,4655.21,1.0955,1.03771,0.97053,0.85039,0.94556,0.97181,0.7562,1.09031,0.79001,0.98281,0.000209769,0.000209769,0.000209769
81,4715.83,1.12405,1.07918,0.96719,0.891,0.92449,0.95911,0.7432,1.10294,0.77853,0.97868,0.000209688,0.000209688,0.000209688
82,4776.85,1.11297,1.09276,0.96417,0.88563,0.92332,0.96905,0.76121,1.08464,0.78619,0.97684,0.000209605,0.000209605,0.000209605
83,4836.16,1.09104,1.03237,0.97565,0.84117,0.94363,0.95691,0.74202,1.11512,0.80093,0.98085,0.000209521,0.000209521,0.000209521
84,4896.12,1.10481,1.00987,0.96376,0.87886,0.95195,0.95838,0.74004,1.10039,0.77028,0.98133,0.000209436,0.000209436,0.000209436
85,4955.96,1.10972,1.04742,0.97403,0.91887,0.93772,0.96194,0.74298,1.13271,0.75978,0.98916,0.00020935,0.00020935,0.00020935
86,5016.27,1.11874,1.08059,0.96968,0.89594,0.94689,0.9606,0.74616,1.08908,0.76835,0.97944,0.000209263,0.000209263,0.000209263
87,5076.61,1.09113,0.99152,0.96046,0.89922,0.93085,0.95818,0.74866,1.0906,0.76418,0.9763,0.000209175,0.000209175,0.000209175
88,5136.5,1.08156,0.99164,0.9485,0.89761,0.93381,0.95764,0.75146,1.07117,0.76464,0.97445,0.000209086,0.000209086,0.000209086
89,5196.45,1.12148,1.03425,0.98237,0.89487,0.93006,0.95241,0.74508,1.07885,0.75729,0.97682,0.000208996,0.000208996,0.000208996
90,5256.14,1.07114,0.96188,0.96405,0.84649,0.96354,0.96253,0.75378,1.07198,0.73694,0.97169,0.000208905,0.000208905,0.000208905
91,5316.68,1.08644,1.03872,0.9566,0.8886,0.93671,0.96318,0.75454,1.05509,0.73795,0.97067,0.000208814,0.000208814,0.000208814
92,5376.3,1.06711,0.94495,0.96438,0.90682,0.9346,0.96348,0.7397,1.14363,0.73872,0.99435,0.000208721,0.000208721,0.000208721
93,5436.84,1.09984,1.04615,0.95875,0.87987,0.97458,0.96629,0.73633,1.12182,0.72621,0.98939,0.000208627,0.000208627,0.000208627
94,5496.6,1.09452,0.99419,0.97134,0.91891,0.94886,0.96657,0.74087,1.09508,0.72337,0.97446,0.000208532,0.000208532,0.000208532
95,5556,1.09449,0.94126,0.97611,0.88471,0.97175,0.96387,0.7528,1.0722,0.72667,0.97305,0.000208436,0.000208436,0.000208436
96,5616.65,1.14253,1.04366,0.96896,0.90647,0.95172,0.96321,0.72881,1.12786,0.73182,0.98129,0.000208339,0.000208339,0.000208339
97,5676.18,1.085,0.97412,0.97823,0.91642,0.9352,0.96343,0.73994,1.07389,0.71176,0.97064,0.000208241,0.000208241,0.000208241
98,5736.67,1.09819,1.00574,0.96485,0.92554,0.94442,0.963,0.74534,1.07651,0.7117,0.97192,0.000208142,0.000208142,0.000208142
99,5796.08,1.06225,0.89533,0.9525,0.928,0.95264,0.96513,0.7492,1.07449,0.71998,0.96901,0.000208042,0.000208042,0.000208042
100,5856.6,1.05815,0.93764,0.93119,0.90701,0.95747,0.96838,0.74692,1.11549,0.71827,0.98203,0.000207942,0.000207942,0.000207942
101,5917.81,1.08532,0.97227,0.96689,0.93956,0.93259,0.96551,0.73995,1.12368,0.69814,0.98462,0.00020784,0.00020784,0.00020784
102,5978.16,1.08983,0.93798,0.9565,0.9323,0.92963,0.9629,0.75791,1.05578,0.71229,0.97284,0.000207737,0.000207737,0.000207737
103,6038.38,1.07679,0.95304,0.97271,0.936,0.93725,0.96663,0.76119,1.06117,0.70468,0.97139,0.000207633,0.000207633,0.000207633
104,6098.4,1.05125,0.92003,0.94982,0.93995,0.94823,0.96568,0.74738,1.11661,0.69906,0.98704,0.000207528,0.000207528,0.000207528
105,6158.5,1.05059,0.95345,0.94729,0.92486,0.9492,0.96733,0.76409,1.05516,0.6917,0.96656,0.000207422,0.000207422,0.000207422
106,6218.82,1.08425,0.95062,0.95693,0.93249,0.95185,0.97462,0.74634,1.10664,0.68753,0.97529,0.000207316,0.000207316,0.000207316
107,6279.86,1.09453,0.94558,0.95696,0.93563,0.94658,0.97479,0.74826,1.07901,0.68743,0.97375,0.000207208,0.000207208,0.000207208
108,6339.37,1.0516,0.88948,0.96024,0.92606,0.94877,0.97467,0.7616,1.06398,0.69801,0.97314,0.000207099,0.000207099,0.000207099
109,6398.37,1.05471,0.87963,0.96641,0.91786,0.95252,0.97433,0.7485,1.07539,0.69353,0.97413,0.000206989,0.000206989,0.000206989
110,6458.55,1.09492,0.91938,0.95951,0.9213,0.96274,0.97526,0.75062,1.10471,0.68112,0.9822,0.000206878,0.000206878,0.000206878
111,6518.17,1.07153,0.88597,0.95481,0.91441,0.96843,0.97612,0.76076,1.07789,0.66767,0.97066,0.000206767,0.000206767,0.000206767
112,6578.8,1.06772,0.90305,0.94847,0.9364,0.93521,0.97526,0.76708,1.04343,0.66731,0.96492,0.000206654,0.000206654,0.000206654
113,6639.18,1.07865,0.95164,0.95976,0.93247,0.93351,0.97195,0.7539,1.08597,0.68201,0.97703,0.00020654,0.00020654,0.00020654
114,6699.49,1.07104,0.90374,0.96605,0.9382,0.92888,0.97661,0.76854,1.04741,0.68715,0.96501,0.000206426,0.000206426,0.000206426
115,6759.77,1.07725,0.94044,0.97247,0.94114,0.9406,0.97721,0.75335,1.10646,0.67773,0.98148,0.00020631,0.00020631,0.00020631
116,6818.77,1.09177,0.90628,0.95904,0.92499,0.93621,0.97592,0.7587,1.05542,0.69001,0.97463,0.000206194,0.000206194,0.000206194
117,6878.41,1.07714,0.9193,0.95953,0.89718,0.96604,0.97574,0.74807,1.09175,0.68278,0.97777,0.000206076,0.000206076,0.000206076
118,6938.78,1.07101,0.88479,0.95325,0.92043,0.96812,0.97533,0.76175,1.05687,0.67076,0.97403,0.000205957,0.000205957,0.000205957
119,6998.34,1.07408,0.91274,0.96545,0.93279,0.95992,0.97584,0.76352,1.07608,0.66726,0.97332,0.000205838,0.000205838,0.000205838
120,7058.11,1.0275,0.86,0.94795,0.92891,0.95939,0.9757,0.76062,1.05764,0.67538,0.96924,0.000205717,0.000205717,0.000205717
121,7118.52,1.07936,0.92148,0.97213,0.93954,0.93879,0.96962,0.74971,1.07976,0.67822,0.97569,0.000205596,0.000205596,0.000205596
122,7177.99,1.04408,0.89345,0.9578,0.92733,0.94757,0.97,0.76166,1.05438,0.67263,0.97258,0.000205474,0.000205474,0.000205474
123,7237.42,1.05655,0.89052,0.94812,0.9424,0.94532,0.97098,0.7488,1.11482,0.66578,0.98574,0.00020535,0.00020535,0.00020535
124,7297.13,1.08212,0.89206,0.95648,0.93751,0.94743,0.96885,0.75329,1.08589,0.67517,0.97673,0.000205226,0.000205226,0.000205226
125,7356.54,1.03868,0.86174,0.94991,0.93694,0.95229,0.97716,0.76318,1.06213,0.64935,0.97357,0.000205101,0.000205101,0.000205101
126,7416.81,1.06187,0.89087,0.95444,0.93464,0.95625,0.97692,0.74317,1.10057,0.65172,0.98319,0.000204974,0.000204974,0.000204974
127,7476.97,1.03936,0.86988,0.9472,0.94037,0.95794,0.97671,0.75883,1.07063,0.6508,0.97602,0.000204847,0.000204847,0.000204847
128,7536.55,1.05437,0.87362,0.95435,0.92894,0.95756,0.97356,0.75702,1.06413,0.66636,0.97682,0.000204719,0.000204719,0.000204719
129,7597.14,1.05972,0.86395,0.95505,0.92942,0.96158,0.97341,0.75213,1.0795,0.6575,0.98115,0.00020459,0.00020459,0.00020459
130,7657.7,1.05436,0.87008,0.94301,0.93756,0.95812,0.97587,0.75853,1.08038,0.65843,0.97905,0.00020446,0.00020446,0.00020446
131,7717.63,1.06488,0.8728,0.95377,0.92756,0.96268,0.97599,0.76045,1.0973,0.66736,0.98287,0.000204328,0.000204328,0.000204328
132,7777.71,1.04414,0.83274,0.95034,0.9275,0.95597,0.97617,0.76794,1.06276,0.67934,0.97397,0.000204196,0.000204196,0.000204196
133,7837.9,1.06242,0.91225,0.95254,0.93509,0.95496,0.97528,0.75542,1.08548,0.66454,0.97872,0.000204063,0.000204063,0.000204063
134,7898.21,1.07909,0.91245,0.95717,0.93564,0.94936,0.97405,0.75822,1.08154,0.66077,0.97587,0.00020393,0.00020393,0.00020393
135,7958.69,1.03717,0.81916,0.9442,0.929,0.94762,0.97393,0.7435,1.11227,0.66896,0.98246,0.000203795,0.000203795,0.000203795
136,8017.89,1.04611,0.8639,0.94955,0.94085,0.95737,0.97209,0.75442,1.06504,0.64294,0.97174,0.000203659,0.000203659,0.000203659
137,8078.41,1.03723,0.85299,0.94694,0.94043,0.95768,0.97385,0.76718,1.05453,0.64952,0.96992,0.000203522,0.000203522,0.000203522
138,8138.12,1.02569,0.82193,0.94082,0.9313,0.96334,0.97421,0.76551,1.05355,0.64428,0.96862,0.000203384,0.000203384,0.000203384
139,8198.24,1.06784,0.86036,0.94674,0.93229,0.9505,0.97474,0.7702,1.04481,0.64316,0.96922,0.000203246,0.000203246,0.000203246
140,8257.86,1.00559,0.82279,0.94773,0.9267,0.95284,0.97246,0.75631,1.09032,0.63709,0.97848,0.000203106,0.000203106,0.000203106
141,8317.6,1.04024,0.80972,0.95058,0.93677,0.95933,0.9755,0.76739,1.07435,0.64675,0.97812,0.000202965,0.000202965,0.000202965
142,8376.85,1.04558,0.81875,0.94615,0.93923,0.95981,0.97519,0.75958,1.12296,0.64856,0.99115,0.000202824,0.000202824,0.000202824
143,8436.82,1.05552,0.82941,0.95627,0.92535,0.95751,0.97605,0.7607,1.09284,0.66391,0.9858,0.000202681,0.000202681,0.000202681
144,8496.12,1.03929,0.84156,0.95101,0.93552,0.95824,0.97702,0.76425,1.08319,0.64258,0.98056,0.000202538,0.000202538,0.000202538
145,8555.15,1.011,0.80643,0.94811,0.93456,0.9505,0.97448,0.76555,1.06557,0.63008,0.97779,0.000202394,0.000202394,0.000202394
146,8615.08,1.01148,0.79249,0.94592,0.93525,0.96286,0.97466,0.75659,1.09923,0.63553,0.98671,0.000202249,0.000202249,0.000202249
147,8675.19,1.01866,0.81529,0.94418,0.93164,0.9655,0.97459,0.74322,1.13745,0.62858,0.99787,0.000202102,0.000202102,0.000202102
148,8735.4,1.0384,0.83571,0.93758,0.934,0.96225,0.974,0.74818,1.11271,0.6344,0.98873,0.000201955,0.000201955,0.000201955
149,8795.74,1.00229,0.82419,0.9437,0.92948,0.96666,0.97421,0.74886,1.11351,0.62746,0.98716,0.000201807,0.000201807,0.000201807
150,8855.53,1.03506,0.8467,0.94497,0.92897,0.95343,0.97399,0.74941,1.10133,0.63451,0.98411,0.000201658,0.000201658,0.000201658
151,8915.53,1.07583,0.88692,0.95908,0.92749,0.95252,0.97401,0.76164,1.06367,0.63864,0.9748,0.000201508,0.000201508,0.000201508
152,8976.15,1.01404,0.83711,0.94216,0.92836,0.96065,0.97431,0.75749,1.08933,0.62879,0.98031,0.000201357,0.000201357,0.000201357
153,9036.48,1.04461,0.85054,0.95223,0.92055,0.95469,0.97273,0.76043,1.06121,0.64831,0.97595,0.000201206,0.000201206,0.000201206
154,9096.89,1.0177,0.78603,0.94083,0.92442,0.95162,0.98616,0.77284,1.07533,0.65353,0.97689,0.000201053,0.000201053,0.000201053
155,9156.78,1.00762,0.79409,0.94856,0.92324,0.96089,0.9754,0.75444,1.08554,0.65114,0.98706,0.000200899,0.000200899,0.000200899
156,9216.78,1.04075,0.80942,0.93922,0.93505,0.96356,0.9759,0.75855,1.0791,0.62645,0.9785,0.000200745,0.000200745,0.000200745
157,9277.01,1.00275,0.77524,0.93581,0.93577,0.95492,0.97266,0.76451,1.06866,0.61804,0.97571,0.000200589,0.000200589,0.000200589
158,9338.12,1.03303,0.82361,0.93935,0.93126,0.96645,0.97157,0.76117,1.08164,0.61779,0.97666,0.000200433,0.000200433,0.000200433
159,9397.47,1.0075,0.78276,0.93481,0.93884,0.95966,0.97129,0.76347,1.07486,0.61724,0.97601,0.000200276,0.000200276,0.000200276
160,9457.83,1.04388,0.82748,0.94343,0.92675,0.94934,0.96822,0.76544,1.05065,0.61992,0.97143,0.000200118,0.000200118,0.000200118
161,9516.94,0.98177,0.75655,0.94076,0.9301,0.94246,0.9681,0.75637,1.05739,0.61934,0.97294,0.000199958,0.000199958,0.000199958
162,9577.36,1.02192,0.81001,0.94511,0.93081,0.94928,0.96835,0.75748,1.07622,0.61135,0.97787,0.000199798,0.000199798,0.000199798
163,9637.65,1.0296,0.77875,0.94444,0.93361,0.95662,0.96896,0.75427,1.07497,0.62066,0.98297,0.000199637,0.000199637,0.000199637
164,9697.51,1.02629,0.77954,0.93153,0.93211,0.95274,0.96741,0.7573,1.07384,0.61757,0.97848,0.000199476,0.000199476,0.000199476
165,9757.64,1.00965,0.79941,0.93206,0.933,0.95302,0.96733,0.7591,1.05887,0.61745,0.97442,0.000199313,0.000199313,0.000199313
166,9817.43,1.00264,0.78621,0.93504,0.94054,0.95454,0.97072,0.7672,1.04892,0.61332,0.97239,0.000199149,0.000199149,0.000199149
167,9877.25,1.00745,0.77049,0.9523,0.94379,0.95357,0.97236,0.76191,1.04978,0.61751,0.97346,0.000198985,0.000198985,0.000198985
168,9937.41,0.9925,0.77563,0.92971,0.93641,0.96709,0.97634,0.76171,1.06619,0.62601,0.9789,0.000198819,0.000198819,0.000198819
169,9997.38,1.01405,0.80196,0.94047,0.93328,0.96721,0.97612,0.75637,1.07653,0.61624,0.98275,0.000198653,0.000198653,0.000198653
170,10056.8,0.98565,0.77822,0.92972,0.9338,0.95408,0.97388,0.76058,1.07549,0.62767,0.98434,0.000198485,0.000198485,0.000198485
171,10116.3,1.0179,0.79708,0.94876,0.94064,0.95526,0.97663,0.76605,1.07081,0.61213,0.97778,0.000198317,0.000198317,0.000198317
172,10176.4,1.02735,0.81283,0.95688,0.94163,0.95366,0.9699,0.75726,1.07362,0.61255,0.98553,0.000198148,0.000198148,0.000198148
173,10236.6,1.01817,0.80324,0.94824,0.93276,0.958,0.9739,0.75533,1.08292,0.6103,0.98053,0.000197978,0.000197978,0.000197978
174,10297.3,1.0129,0.7906,0.93993,0.94095,0.95743,0.97196,0.76184,1.06282,0.5984,0.97475,0.000197807,0.000197807,0.000197807
175,10357.5,1.00221,0.77333,0.92894,0.9252,0.9667,0.97377,0.76399,1.0627,0.60779,0.97217,0.000197636,0.000197636,0.000197636
176,10417.1,0.96078,0.76564,0.92883,0.93286,0.95851,0.97359,0.75804,1.07076,0.61123,0.97693,0.000197463,0.000197463,0.000197463
177,10477.9,1.02309,0.81602,0.94217,0.93036,0.95087,0.96912,0.75337,1.07891,0.61263,0.98091,0.00019729,0.00019729,0.00019729
178,10537.8,1.00154,0.76649,0.93728,0.94035,0.95961,0.97316,0.75772,1.08061,0.61366,0.98142,0.000197115,0.000197115,0.000197115
179,10596.8,0.97055,0.76924,0.93308,0.93955,0.96333,0.97415,0.75965,1.06786,0.60484,0.97519,0.00019694,0.00019694,0.00019694
180,10657.4,0.99365,0.76657,0.91894,0.93496,0.97338,0.97501,0.75337,1.08117,0.60111,0.97645,0.000196764,0.000196764,0.000196764
181,10717.6,0.99438,0.77931,0.93472,0.92884,0.97368,0.9743,0.75298,1.08245,0.60282,0.98208,0.000196587,0.000196587,0.000196587
182,10777.8,0.98523,0.77009,0.93088,0.93775,0.97281,0.97679,0.7537,1.08364,0.60061,0.98258,0.000196409,0.000196409,0.000196409
183,10837.8,0.9904,0.77726,0.93543,0.94206,0.96737,0.97573,0.77306,1.05726,0.60032,0.97417,0.00019623,0.00019623,0.00019623
184,10897,1.00463,0.76663,0.94218,0.93431,0.96998,0.97682,0.77196,1.05562,0.59674,0.9728,0.00019605,0.00019605,0.00019605
185,10956.8,0.99473,0.77398,0.94229,0.92621,0.96915,0.97627,0.75915,1.07473,0.60754,0.98866,0.00019587,0.00019587,0.00019587
186,11017.2,1.0129,0.76803,0.92877,0.93174,0.96425,0.97289,0.75782,1.08956,0.59946,0.98393,0.000195688,0.000195688,0.000195688
187,11077,1.00998,0.8173,0.93689,0.93025,0.95206,0.96916,0.76104,1.05859,0.60375,0.97943,0.000195506,0.000195506,0.000195506
188,11137,1.00971,0.77858,0.93193,0.91691,0.96188,0.9684,0.7565,1.07066,0.59714,0.98215,0.000195323,0.000195323,0.000195323
189,11196.6,0.98809,0.74343,0.93175,0.92713,0.95149,0.96976,0.75944,1.05712,0.61649,0.98391,0.000195139,0.000195139,0.000195139
190,11255.8,0.98413,0.74284,0.94069,0.92192,0.95125,0.96819,0.75244,1.07431,0.61509,0.98249,0.000194954,0.000194954,0.000194954
191,11316.2,0.99584,0.75465,0.9308,0.92361,0.94206,0.98153,0.77699,1.04359,0.61523,0.9754,0.000194768,0.000194768,0.000194768
192,11376.3,0.97341,0.74535,0.92532,0.92746,0.94536,0.98223,0.77724,1.04535,0.60795,0.97238,0.000194582,0.000194582,0.000194582
193,11436.7,0.99158,0.75329,0.92615,0.931,0.94706,0.98253,0.77399,1.05899,0.60781,0.98048,0.000194394,0.000194394,0.000194394
194,11496.9,0.99196,0.72884,0.93556,0.93327,0.94983,0.98303,0.76904,1.07881,0.59556,0.98304,0.000194206,0.000194206,0.000194206
195,11556.8,0.99006,0.74677,0.9311,0.94018,0.94934,0.98182,0.76998,1.06217,0.60605,0.97998,0.000194017,0.000194017,0.000194017
196,11617.4,0.99243,0.78428,0.9351,0.93911,0.95276,0.98044,0.75625,1.11235,0.60358,0.99863,0.000193827,0.000193827,0.000193827
197,11677.8,0.99806,0.75887,0.935,0.94188,0.95496,0.98187,0.76905,1.05191,0.59139,0.97612,0.000193636,0.000193636,0.000193636
198,11738.3,0.99737,0.77177,0.93469,0.93032,0.96671,0.98051,0.75709,1.11377,0.59641,0.99307,0.000193444,0.000193444,0.000193444
199,11798.2,0.99162,0.76029,0.92754,0.9407,0.96579,0.98219,0.77065,1.06205,0.58587,0.97898,0.000193251,0.000193251,0.000193251
200,11858.2,0.99678,0.78355,0.93631,0.94441,0.96325,0.98187,0.7585,1.10068,0.58717,0.99119,0.000193058,0.000193058,0.000193058
201,11917.5,0.95759,0.7069,0.91842,0.93855,0.95718,0.98141,0.76733,1.07049,0.61154,0.98651,0.000192864,0.000192864,0.000192864
202,11977.4,0.98748,0.76103,0.94221,0.9312,0.95517,0.96948,0.75863,1.07535,0.60034,0.98357,0.000192669,0.000192669,0.000192669
203,12037.8,0.98385,0.73368,0.92315,0.93256,0.96064,0.9679,0.75898,1.05964,0.59462,0.9817,0.000192473,0.000192473,0.000192473
204,12098.2,0.99581,0.77375,0.93577,0.93292,0.96242,0.96829,0.74754,1.10887,0.59384,1.0034,0.000192276,0.000192276,0.000192276
205,12158.2,0.99332,0.72832,0.93338,0.92777,0.95925,0.9699,0.76363,1.07029,0.59706,0.98639,0.000192078,0.000192078,0.000192078
206,12217.7,0.96191,0.72905,0.92722,0.93682,0.957,0.96924,0.75809,1.05949,0.59485,0.98581,0.00019188,0.00019188,0.00019188
207,12278.1,0.96605,0.7049,0.92119,0.92782,0.96094,0.96769,0.7569,1.06935,0.59453,0.98958,0.00019168,0.00019168,0.00019168
208,12338.5,0.95144,0.70474,0.9257,0.92227,0.96124,0.98157,0.77254,1.06422,0.59834,0.98959,0.00019148,0.00019148,0.00019148
209,12398.8,0.95512,0.71525,0.92284,0.94113,0.95592,0.98209,0.77195,1.06196,0.58839,0.98515,0.000191279,0.000191279,0.000191279
210,12458.6,0.9705,0.70924,0.93489,0.93844,0.95452,0.98252,0.77273,1.06836,0.59287,0.9882,0.000191078,0.000191078,0.000191078
211,12519.5,0.97788,0.72908,0.92657,0.93826,0.95039,0.97044,0.7635,1.05268,0.57982,0.98271,0.000190875,0.000190875,0.000190875
212,12579.2,0.94893,0.69858,0.91553,0.93075,0.9515,0.9693,0.75707,1.06157,0.58201,0.9838,0.000190672,0.000190672,0.000190672
213,12639.3,0.96527,0.72226,0.92786,0.94203,0.95268,0.97137,0.76554,1.05346,0.57749,0.97713,0.000190467,0.000190467,0.000190467
214,12699.1,0.97221,0.70035,0.93696,0.94166,0.95215,0.9714,0.75997,1.05105,0.58675,0.9795,0.000190262,0.000190262,0.000190262
215,12759.5,0.96541,0.72844,0.92994,0.93878,0.95302,0.96873,0.75539,1.07741,0.59449,0.98769,0.000190056,0.000190056,0.000190056
216,12820.8,0.97724,0.7279,0.92679,0.94323,0.95336,0.97332,0.77275,1.03971,0.57611,0.97476,0.00018985,0.00018985,0.00018985
217,12881,0.98989,0.7649,0.93188,0.939,0.95924,0.97203,0.7721,1.04568,0.58148,0.97456,0.000189642,0.000189642,0.000189642
218,12940.7,0.94177,0.70289,0.9311,0.94375,0.94748,0.96786,0.75507,1.06883,0.58595,0.98344,0.000189434,0.000189434,0.000189434
219,13001.8,0.9767,0.71756,0.92941,0.94124,0.94923,0.96722,0.76357,1.05767,0.59867,0.9856,0.000189225,0.000189225,0.000189225
220,13062.4,0.95613,0.71005,0.92388,0.93744,0.95669,0.96932,0.76166,1.07544,0.58491,0.99161,0.000189015,0.000189015,0.000189015
221,13121.9,0.9645,0.71182,0.93281,0.93337,0.96175,0.9678,0.75883,1.06987,0.58209,0.99204,0.000188804,0.000188804,0.000188804
222,13182.7,0.95633,0.7192,0.92678,0.94013,0.96671,0.97314,0.75571,1.1014,0.58696,1.00233,0.000188593,0.000188593,0.000188593
223,13243.2,0.95204,0.72871,0.91574,0.94333,0.96598,0.97296,0.75688,1.07678,0.57962,0.99329,0.00018838,0.00018838,0.00018838
224,13303.2,0.95875,0.68491,0.91691,0.94044,0.96182,0.96848,0.74611,1.09191,0.58109,0.99494,0.000188167,0.000188167,0.000188167
225,13363.9,0.95922,0.70058,0.93281,0.93661,0.96095,0.97023,0.75065,1.10792,0.58154,0.99806,0.000187953,0.000187953,0.000187953
226,13423.2,0.94226,0.69062,0.92878,0.92796,0.96118,0.97063,0.75351,1.08217,0.58094,0.99464,0.000187738,0.000187738,0.000187738
227,13483.3,0.96445,0.69958,0.93006,0.92332,0.97193,0.96892,0.7535,1.08114,0.57669,0.99506,0.000187523,0.000187523,0.000187523
228,13543.8,0.94054,0.67405,0.91919,0.91631,0.97568,0.96466,0.75123,1.08385,0.58074,0.99518,0.000187307,0.000187307,0.000187307
229,13603.8,0.9465,0.69238,0.92242,0.91841,0.97147,0.96414,0.75657,1.07808,0.58517,0.99471,0.000187089,0.000187089,0.000187089
230,13663.6,0.93791,0.70038,0.92385,0.91677,0.95937,0.96878,0.75632,1.06744,0.57745,0.98756,0.000186872,0.000186872,0.000186872
231,13724.2,0.97907,0.71984,0.93855,0.92287,0.9637,0.96949,0.75912,1.07413,0.58246,0.99126,0.000186653,0.000186653,0.000186653
232,13784.2,0.97173,0.68988,0.9265,0.93163,0.96168,0.97501,0.76241,1.07495,0.58493,0.99112,0.000186434,0.000186434,0.000186434
233,13844.8,0.98702,0.72484,0.93172,0.93736,0.96441,0.97346,0.76165,1.07407,0.57914,0.98764,0.000186213,0.000186213,0.000186213
234,13906,0.96555,0.71303,0.91719,0.9403,0.96933,0.97351,0.7639,1.06727,0.57079,0.98878,0.000185992,0.000185992,0.000185992
235,13966.2,0.96497,0.69346,0.92622,0.9339,0.97504,0.97337,0.7546,1.08641,0.56785,0.99427,0.000185771,0.000185771,0.000185771
236,14027.2,0.94633,0.70526,0.92419,0.93215,0.9693,0.97237,0.761,1.07499,0.57347,0.9916,0.000185548,0.000185548,0.000185548
237,14087.8,0.94068,0.68519,0.91576,0.93128,0.97846,0.97124,0.76547,1.07184,0.57574,0.9896,0.000185325,0.000185325,0.000185325
238,14148,0.95885,0.70806,0.92389,0.93389,0.97751,0.97108,0.75796,1.08256,0.56642,0.99575,0.000185101,0.000185101,0.000185101
239,14208.6,0.9581,0.69472,0.91845,0.93306,0.96603,0.97121,0.76075,1.07732,0.55954,0.99229,0.000184876,0.000184876,0.000184876
240,14268.4,0.92692,0.68788,0.91153,0.9169,0.98044,0.96829,0.75,1.08908,0.55688,0.99763,0.00018465,0.00018465,0.00018465
241,14328.4,0.9322,0.6859,0.91736,0.93142,0.96338,0.98187,0.7717,1.07208,0.5622,0.99536,0.000184424,0.000184424,0.000184424
242,14388.6,0.95108,0.69608,0.93304,0.92961,0.96041,0.98131,0.75958,1.09307,0.56635,0.99595,0.000184197,0.000184197,0.000184197
243,14448.7,0.95181,0.6986,0.91973,0.91417,0.97331,0.98061,0.76497,1.07786,0.56625,0.98507,0.000183969,0.000183969,0.000183969
244,14508.5,0.93848,0.67408,0.91466,0.92892,0.97009,0.97038,0.75163,1.10215,0.55996,0.9958,0.00018374,0.00018374,0.00018374
245,14568.7,0.96875,0.69549,0.92448,0.9356,0.96817,0.97062,0.75654,1.07708,0.5578,0.99515,0.000183511,0.000183511,0.000183511
246,14628.7,0.94719,0.69637,0.91206,0.93119,0.97813,0.97472,0.74962,1.08831,0.56496,0.99731,0.000183281,0.000183281,0.000183281
247,14688.8,0.95051,0.68987,0.92542,0.93533,0.97014,0.97447,0.75989,1.07168,0.56702,0.99102,0.00018305,0.00018305,0.00018305
248,14749.3,0.92302,0.65226,0.91272,0.93056,0.97439,0.97309,0.75633,1.07977,0.55838,0.99359,0.000182818,0.000182818,0.000182818
249,14809.8,0.96283,0.71112,0.9282,0.93417,0.97348,0.97233,0.76367,1.07544,0.56072,0.99338,0.000182586,0.000182586,0.000182586
250,14869.9,0.93481,0.67326,0.91431,0.92629,0.97379,0.97294,0.75754,1.08446,0.56361,0.9937,0.000182353,0.000182353,0.000182353
251,14930.7,0.9526,0.68369,0.91925,0.92417,0.9697,0.9694,0.75457,1.0938,0.5674,0.99553,0.000182119,0.000182119,0.000182119
252,14990.8,0.9023,0.63745,0.91281,0.94404,0.961,0.96976,0.75311,1.09558,0.56782,0.99843,0.000181884,0.000181884,0.000181884
253,15050.7,0.9247,0.64656,0.91468,0.94149,0.96125,0.96964,0.75692,1.07745,0.56026,0.99236,0.000181649,0.000181649,0.000181649
254,15110.9,0.9479,0.68857,0.90936,0.93141,0.97012,0.97007,0.75264,1.08707,0.55648,0.99408,0.000181413,0.000181413,0.000181413
255,15170.8,0.93163,0.67044,0.91969,0.93182,0.96936,0.97015,0.76089,1.07896,0.55643,0.99741,0.000181176,0.000181176,0.000181176
256,15231,0.94084,0.67957,0.92565,0.9362,0.97526,0.97405,0.76689,1.08194,0.55239,1.00121,0.000180939,0.000180939,0.000180939
257,15291.3,0.92504,0.65879,0.92484,0.93118,0.97841,0.97433,0.76641,1.08469,0.55267,1.00032,0.0001807,0.0001807,0.0001807
258,15351.1,0.9161,0.66601,0.9154,0.91811,0.97247,0.96688,0.76103,1.07527,0.56099,0.9944,0.000180461,0.000180461,0.000180461
259,15411.4,0.93168,0.66017,0.92405,0.92585,0.97698,0.96895,0.76261,1.07814,0.56026,0.9926,0.000180222,0.000180222,0.000180222
260,15471.8,0.93666,0.70115,0.91826,0.93033,0.97522,0.97047,0.76532,1.06258,0.55575,0.98996,0.000179981,0.000179981,0.000179981
261,15532,0.95136,0.68748,0.91103,0.93699,0.97063,0.9742,0.76267,1.08063,0.55218,0.99705,0.00017974,0.00017974,0.00017974
262,15592.3,0.93291,0.68447,0.91432,0.92825,0.97475,0.97408,0.76052,1.07606,0.55302,0.98981,0.000179498,0.000179498,0.000179498
263,15652.3,0.89926,0.64823,0.90748,0.90792,0.98161,0.96989,0.75453,1.09077,0.56327,0.99278,0.000179256,0.000179256,0.000179256
264,15711.7,0.91648,0.67093,0.91496,0.92872,0.96609,0.96556,0.75279,1.08049,0.56366,0.98762,0.000179013,0.000179013,0.000179013
265,15772,0.91594,0.65185,0.91611,0.92298,0.97848,0.96559,0.75179,1.09899,0.5614,0.99623,0.000178769,0.000178769,0.000178769
266,15832.3,0.94666,0.68496,0.92643,0.9278,0.97102,0.96658,0.75104,1.09446,0.56302,0.99746,0.000178524,0.000178524,0.000178524
267,15892.3,0.90688,0.63534,0.90021,0.93067,0.97233,0.96521,0.75082,1.10581,0.55828,0.99957,0.000178279,0.000178279,0.000178279
268,15952.6,0.95062,0.67225,0.91623,0.93375,0.9698,0.97705,0.76109,1.0964,0.56342,0.98986,0.000178033,0.000178033,0.000178033
269,16012.8,0.94564,0.67381,0.92514,0.92889,0.96742,0.9765,0.75953,1.09323,0.55109,0.98896,0.000177786,0.000177786,0.000177786
270,16073.1,0.93666,0.64783,0.92167,0.9283,0.97234,0.9784,0.76645,1.07528,0.55009,0.98236,0.000177539,0.000177539,0.000177539
271,16133.7,0.92897,0.6895,0.92476,0.93134,0.97713,0.97841,0.76351,1.10946,0.54788,0.99166,0.00017729,0.00017729,0.00017729
272,16194,0.92997,0.67593,0.90991,0.93059,0.97984,0.97036,0.76102,1.08434,0.5519,0.98733,0.000177042,0.000177042,0.000177042
273,16254.8,0.92387,0.66053,0.9212,0.92393,0.97989,0.96999,0.76299,1.07828,0.54382,0.98871,0.000176792,0.000176792,0.000176792
274,16315.2,0.92818,0.66527,0.91725,0.928,0.97801,0.97058,0.7611,1.06439,0.54315,0.98494,0.000176542,0.000176542,0.000176542
275,16375.4,0.93071,0.65506,0.9109,0.92125,0.9846,0.97024,0.76064,1.07245,0.54685,0.98798,0.000176291,0.000176291,0.000176291
276,16435.8,0.9168,0.64743,0.91738,0.93944,0.97388,0.98519,0.77375,1.06221,0.55114,0.9894,0.00017604,0.00017604,0.00017604
277,16496.2,0.91245,0.65772,0.92241,0.93986,0.97838,0.97268,0.75367,1.07398,0.54891,0.9923,0.000175787,0.000175787,0.000175787
278,16556.7,0.94264,0.71091,0.92394,0.93896,0.96391,0.98177,0.76888,1.06563,0.54551,0.98943,0.000175534,0.000175534,0.000175534
279,16616.9,0.92201,0.66235,0.92236,0.9388,0.96336,0.96916,0.75729,1.07266,0.54369,0.98733,0.000175281,0.000175281,0.000175281
280,16676.3,0.89135,0.63055,0.9013,0.93975,0.97279,0.97315,0.75601,1.08875,0.54181,0.99583,0.000175027,0.000175027,0.000175027
281,16736.5,0.91692,0.65366,0.90952,0.93503,0.9822,0.975,0.76286,1.08428,0.54093,0.99803,0.000174772,0.000174772,0.000174772
282,16797.2,0.89371,0.62389,0.91589,0.93616,0.98506,0.97507,0.75474,1.10467,0.54408,1.00348,0.000174516,0.000174516,0.000174516
283,16856.1,0.89791,0.61749,0.90755,0.92328,0.98013,0.97126,0.75917,1.0783,0.54321,0.99302,0.00017426,0.00017426,0.00017426
284,16916.1,0.93028,0.67614,0.90705,0.93315,0.96708,0.97132,0.76399,1.07848,0.5395,0.99677,0.000174003,0.000174003,0.000174003
285,16975.9,0.91541,0.63073,0.91414,0.93355,0.96857,0.97144,0.75399,1.0838,0.54044,0.99903,0.000173746,0.000173746,0.000173746
286,17035.6,0.92003,0.64991,0.91089,0.93299,0.97657,0.97475,0.76222,1.07292,0.54208,0.99692,0.000173487,0.000173487,0.000173487
287,17096,0.9334,0.66778,0.92061,0.93015,0.97843,0.97318,0.75807,1.07592,0.54878,0.9931,0.000173229,0.000173229,0.000173229
288,17156.1,0.92444,0.63946,0.90873,0.93571,0.97071,0.98492,0.76578,1.07038,0.54495,0.99135,0.000172969,0.000172969,0.000172969
289,17216.3,0.90895,0.65795,0.91198,0.93874,0.96179,0.98012,0.77384,1.06335,0.54086,0.99588,0.000172709,0.000172709,0.000172709
290,17276.4,0.90735,0.66338,0.92243,0.92769,0.96999,0.98085,0.77307,1.06973,0.54068,0.99471,0.000172448,0.000172448,0.000172448
291,17337.1,0.94114,0.67777,0.91908,0.93117,0.97135,0.98115,0.76934,1.07209,0.54439,0.99083,0.000172187,0.000172187,0.000172187
292,17396.9,0.91956,0.65918,0.9057,0.93167,0.96864,0.98097,0.76585,1.07673,0.54769,0.99825,0.000171925,0.000171925,0.000171925
